{
  "arch": "hyena",
  "tag": "010pct",
  "checkpoint": "exp_results\\scarcity\\010pct\\hyena\\best.pt",
  "data_dir": "exp_data\\scarcity\\010pct\\data\\sliding_lstm",
  "n_test": 5228,
  "window": 250,
  "n_features": 6,
  "euc_mae": 11.433963775634766,
  "euc_rmse": 15.009414672851562,
  "euc_p50": 8.639714241027832,
  "euc_p90": 25.49317169189453,
  "euc_p95": 30.97768783569336,
  "euc_min": 0.12551233172416687,
  "euc_max": 68.29879760742188,
  "euc_cdf_1m": 3.3091048201989293,
  "euc_cdf_2m": 10.195103289977046,
  "euc_cdf_3m": 17.769701606732976,
  "euc_cdf_5m": 32.115531752104054,
  "man_mae": 12.280402183532715,
  "man_rmse": 15.766674995422363,
  "man_p50": 9.632087707519531,
  "man_p90": 26.323448181152344,
  "man_p95": 32.066619873046875,
  "man_min": 0.149627685546875,
  "man_max": 70.07012939453125,
  "man_cdf_1m": 1.9892884468247896,
  "man_cdf_2m": 6.962509563886764,
  "man_cdf_3m": 13.255547054322877,
  "man_cdf_5m": 26.89364957918898,
  "noise_mode": "percent",
  "noise_levels": "1,5,10,20"
}