{
  "arch": "hyena",
  "tag": "020pct",
  "checkpoint": "exp_results\\scarcity\\020pct\\hyena\\best.pt",
  "data_dir": "exp_data\\scarcity\\020pct\\data\\sliding_lstm",
  "n_test": 5228,
  "window": 250,
  "n_features": 6,
  "euc_mae": 8.843474388122559,
  "euc_rmse": 13.217483520507812,
  "euc_p50": 4.956604957580566,
  "euc_p90": 23.314756393432617,
  "euc_p95": 30.040203094482422,
  "euc_min": 0.025399554520845413,
  "euc_max": 56.89263916015625,
  "euc_cdf_1m": 7.804131599081867,
  "euc_cdf_2m": 19.95026778882938,
  "euc_cdf_3m": 32.00076511094109,
  "euc_cdf_5m": 50.30604437643458,
  "man_mae": 9.441542625427246,
  "man_rmse": 13.765554428100586,
  "man_p50": 5.547511577606201,
  "man_p90": 24.211009979248047,
  "man_p95": 31.68730926513672,
  "man_min": 0.029903411865234375,
  "man_max": 58.97820281982422,
  "man_cdf_1m": 5.508798775822494,
  "man_cdf_2m": 16.182096403978576,
  "man_cdf_3m": 26.664116296863043,
  "man_cdf_5m": 46.021423106350426,
  "noise_mode": "percent",
  "noise_levels": "1,5,10,20"
}