{
  "arch": "hyena",
  "tag": "100pct",
  "checkpoint": "exp_results\\scarcity\\100pct\\hyena\\best.pt",
  "data_dir": "exp_data\\scarcity\\100pct\\data\\sliding_lstm",
  "n_test": 5228,
  "window": 250,
  "n_features": 6,
  "euc_mae": 3.9832754135131836,
  "euc_rmse": 9.340455055236816,
  "euc_p50": 1.2533206939697266,
  "euc_p90": 8.949216842651367,
  "euc_p95": 22.69533348083496,
  "euc_min": 0.00993278343230486,
  "euc_max": 66.41448974609375,
  "euc_cdf_1m": 41.411629686304515,
  "euc_cdf_2m": 67.73144605967866,
  "euc_cdf_3m": 77.39097169089519,
  "euc_cdf_5m": 85.17597551644988,
  "man_mae": 4.24648904800415,
  "man_rmse": 9.675387382507324,
  "man_p50": 1.409067153930664,
  "man_p90": 9.710344314575195,
  "man_p95": 24.017333984375,
  "man_min": 0.01375579833984375,
  "man_max": 66.6524658203125,
  "man_cdf_1m": 36.87834736036725,
  "man_cdf_2m": 64.25019127773527,
  "man_cdf_3m": 75.86074980872226,
  "man_cdf_5m": 84.52563121652639,
  "noise_mode": "percent",
  "noise_levels": "1,5,10,20"
}