{
  "arch": "hyena",
  "tag": "050pct",
  "checkpoint": "exp_results\\scarcity\\050pct\\hyena\\best.pt",
  "data_dir": "exp_data\\scarcity\\050pct\\data\\sliding_lstm",
  "n_test": 5228,
  "window": 250,
  "n_features": 6,
  "euc_mae": 6.125552177429199,
  "euc_rmse": 11.208498001098633,
  "euc_p50": 2.67905330657959,
  "euc_p90": 17.490930557250977,
  "euc_p95": 28.12961769104004,
  "euc_min": 0.028370419517159462,
  "euc_max": 70.28955078125,
  "euc_cdf_1m": 19.93114001530222,
  "euc_cdf_2m": 39.269319051262435,
  "euc_cdf_3m": 54.03596021423106,
  "euc_cdf_5m": 71.65263963274676,
  "man_mae": 6.563986778259277,
  "man_rmse": 11.637872695922852,
  "man_p50": 3.0832366943359375,
  "man_p90": 18.097797393798828,
  "man_p95": 29.22412872314453,
  "man_min": 0.030597686767578125,
  "man_max": 70.550048828125,
  "man_cdf_1m": 15.742157612853863,
  "man_cdf_2m": 34.200459066564655,
  "man_cdf_3m": 48.68018362662586,
  "man_cdf_5m": 68.3052792654935,
  "noise_mode": "percent",
  "noise_levels": "1,5,10,20"
}