{
  "arch": "lstm",
  "tag": "010pct",
  "checkpoint": "exp_results\\scarcity\\010pct\\lstm\\best.pt",
  "data_dir": "exp_data\\scarcity\\010pct\\data\\sliding_lstm",
  "n_test": 5228,
  "window": 250,
  "n_features": 6,
  "euc_mae": 14.761871337890625,
  "euc_rmse": 18.51872444152832,
  "euc_p50": 12.698684692382812,
  "euc_p90": 28.551542282104492,
  "euc_p95": 34.15471267700195,
  "euc_min": 0.09951658546924591,
  "euc_max": 75.11155700683594,
  "euc_cdf_1m": 1.970160673297628,
  "euc_cdf_2m": 7.670237184391738,
  "euc_cdf_3m": 12.64345830145371,
  "euc_cdf_5m": 21.8247895944912,
  "man_mae": 15.666851043701172,
  "man_rmse": 19.37546730041504,
  "man_p50": 13.638490676879883,
  "man_p90": 29.440532684326172,
  "man_p95": 35.640560150146484,
  "man_min": 0.1298828125,
  "man_max": 77.54822540283203,
  "man_cdf_1m": 1.1667941851568477,
  "man_cdf_2m": 5.279265493496557,
  "man_cdf_3m": 9.755164498852334,
  "man_cdf_5m": 18.783473603672533,
  "noise_mode": "percent",
  "noise_levels": "1,5,10,20"
}