{
  "arch": "lstm",
  "tag": "020pct",
  "checkpoint": "exp_results\\scarcity\\020pct\\lstm\\best.pt",
  "data_dir": "exp_data\\scarcity\\020pct\\data\\sliding_lstm",
  "n_test": 5228,
  "window": 250,
  "n_features": 6,
  "euc_mae": 13.901561737060547,
  "euc_rmse": 17.15094566345215,
  "euc_p50": 12.082216262817383,
  "euc_p90": 27.144248962402344,
  "euc_p95": 31.61839485168457,
  "euc_min": 0.03245348855853081,
  "euc_max": 55.25593948364258,
  "euc_cdf_1m": 2.065799540933435,
  "euc_cdf_2m": 6.828615149196633,
  "euc_cdf_3m": 12.260902830910481,
  "euc_cdf_5m": 22.073450650344302,
  "man_mae": 14.644845008850098,
  "man_rmse": 17.835031509399414,
  "man_p50": 12.939385414123535,
  "man_p90": 27.799745559692383,
  "man_p95": 32.34212875366211,
  "man_min": 0.0452880859375,
  "man_max": 58.32012939453125,
  "man_cdf_1m": 1.3580719204284621,
  "man_cdf_2m": 4.801071155317521,
  "man_cdf_3m": 9.525631216526396,
  "man_cdf_5m": 18.917368018362662,
  "noise_mode": "percent",
  "noise_levels": "1,5,10,20"
}