{
  "arch": "lstm",
  "tag": "050pct",
  "checkpoint": "exp_results\\scarcity\\050pct\\lstm\\best.pt",
  "data_dir": "exp_data\\scarcity\\050pct\\data\\sliding_lstm",
  "n_test": 5228,
  "window": 250,
  "n_features": 6,
  "euc_mae": 14.740819931030273,
  "euc_rmse": 18.156238555908203,
  "euc_p50": 12.718320846557617,
  "euc_p90": 28.549123764038086,
  "euc_p95": 33.974361419677734,
  "euc_min": 0.04243328049778938,
  "euc_max": 58.839813232421875,
  "euc_cdf_1m": 3.1560826319816373,
  "euc_cdf_2m": 6.694720734506504,
  "euc_cdf_3m": 10.386381025248662,
  "euc_cdf_5m": 18.917368018362662,
  "man_mae": 15.489337921142578,
  "man_rmse": 18.842355728149414,
  "man_p50": 13.738851547241211,
  "man_p90": 29.370500564575195,
  "man_p95": 34.42942428588867,
  "man_min": 0.05416107177734375,
  "man_max": 62.28455352783203,
  "man_cdf_1m": 2.1614384085692424,
  "man_cdf_2m": 5.58530986993114,
  "man_cdf_3m": 8.875286916602908,
  "man_cdf_5m": 16.469013006885998,
  "noise_mode": "percent",
  "noise_levels": "1,5,10,20"
}