{
  "arch": "lstm",
  "tag": "100pct",
  "checkpoint": "exp_results\\scarcity\\100pct\\lstm\\best.pt",
  "data_dir": "exp_data\\scarcity\\100pct\\data\\sliding_lstm",
  "n_test": 5228,
  "window": 250,
  "n_features": 6,
  "euc_mae": 13.333651542663574,
  "euc_rmse": 16.95379638671875,
  "euc_p50": 10.717572212219238,
  "euc_p90": 27.040428161621094,
  "euc_p95": 33.27066421508789,
  "euc_min": 0.0898086428642273,
  "euc_max": 61.54053497314453,
  "euc_cdf_1m": 3.6534047436878345,
  "euc_cdf_2m": 8.798775822494262,
  "euc_cdf_3m": 13.504208110175975,
  "euc_cdf_5m": 22.64728385615914,
  "man_mae": 14.078027725219727,
  "man_rmse": 17.63280487060547,
  "man_p50": 11.52008056640625,
  "man_p90": 28.55282974243164,
  "man_p95": 33.71856689453125,
  "man_min": 0.11256790161132812,
  "man_max": 65.70838165283203,
  "man_cdf_1m": 2.1996939556235655,
  "man_cdf_2m": 6.732976281560826,
  "man_cdf_3m": 11.30451415455241,
  "man_cdf_5m": 20.084162203519508,
  "noise_mode": "percent",
  "noise_levels": "1,5,10,20"
}